[
    {
        "id": 1,
        "name": "Screws",
        "vendor": "APR Industries",
        "img1": "../../../../assets/img/temp/screw1.jpg",
        "img2": "../../../../assets/img/temp/screw2.jpg",
        "code": "SCRW",
        "description": "Screws for Seats.",
        "price": "$2.00"
    },
    {
        "id": 1,
        "name": "Fabric",
        "vendor": "Fabric Wholesale",
        "img1": "../../../../assets/img/temp/f1.jpg",
        "img2": "../../../../assets/img/temp/fc2.jpg",
        "code": "FBRC",
        "description": "Fabric for Seats.",
        "price": "$3099.99"
    },
    {
        "id": 1,
        "name": "Fabric",
        "vendor": "Fabric Wholesale",
        "img1": "../../../../assets/img/temp/fc4.jpg",
        "img2": "../../../../assets/img/temp/fab1.jpg",
        "code": "FBRC",
        "description": "Fabric for Seats.",
        "price": "$3099.99"
    },
    {
        "id": 1,
        "name": "Fabric",
        "vendor": "Fabric Wholesale",
        "img1": "../../../../assets/img/temp/fab1.jpg",
        "img2": "../../../../assets/img/temp/fc3.jpg",
        "code": "FBRC",
        "description": "Fabric for Seats.",
        "price": "$3099.99"
    },
    {
        "id": 1,
        "name": "Fabric",
        "vendor": "Lear Automobiles",
        "img1": "../../../../assets/img/temp/fabric1.jpg",
        "img2": "../../../../assets/img/temp/fabric2.jpg",
        "code": "FBRC",
        "description": "Fabric for Seats.",
        "price": "$99.99"
    },
    {
        "id": 1,
        "name": "Neiko 50456A Spring Assortment Set, 200 Pieces ",
        "vendor": "Century Industries",
        "img1": "../../../../assets/img/temp/spring3.jpg",
        "img2": "../../../../assets/img/temp/spring4.jpg",
        "code": "SCRW",
        "description": "Screws for Seats.",
        "price": "$599.99"
    },
    {
        "id": 1,
        "name": "Uline Foam Roll",
        "vendor": "ULINE",
        "img1": "../../../../assets/img/temp/foam1.jpg",
        "img2": "../../../../assets/img/temp/foam2.jpg",
        "code": "SCRW",
        "description": "Screws for Seats.",
        "price": "$1250"
    },
    {
        "id": 1,
        "name": "Screws",
        "vendor": "APR Industries",
        "img1": "../../../../assets/img/temp/screw2.jpg",
        "img2": "../../../../assets/img/temp/screw1.jpg",
        "code": "SCRW",
        "description": "Screws for Seats.",
        "price": "$599.99"
    },
    {
        "id": 1,
        "name": "Soft Foam Sheets",
        "vendor": "ULine",
        "img1": "../../../../assets/img/temp/foam5.jpg",
        "img2": "../../../../assets/img/temp/foam5.jpg",
        "code": "SCRW",
        "description": "Screws for Seats.",
        "price": "$3200"
    },
    {
        "id": 1,
        "name": "Vinyl Upholstery Fabric Black ",
        "vendor": "Lear Automobiles",
        "img1": "../../../../assets/img/temp/fabric2.jpg",
        "img2": "../../../../assets/img/temp/fabric2.jpg",
        "code": "FBRC",
        "description": "Fabric for Seats.",
        "price": "$109"
    },
    {
        "id": 1,
        "name": "Screws",
        "vendor": "APR Industries",
        "img1": "../../../../assets/img/temp/screw1.jpg",
        "img2": "../../../../assets/img/temp/screw2.jpg",
        "code": "SCRW",
        "description": "Screws for Seats.",
        "price": "$2.00"
    },
    {
        "id": 1,
        "name": "Fabric",
        "vendor": "Lear Automobiles",
        "img1": "../../../../assets/img/temp/fabric1.jpg",
        "img2": "../../../../assets/img/temp/fabric2.jpg",
        "code": "FBRC",
        "description": "Fabric for Seats.",
        "price": "$99.99"
    },
    {
        "id": 1,
        "name": "Neiko 50456A Spring Assortment Set, 200 Pieces ",
        "vendor": "Century Industries",
        "img1": "../../../../assets/img/temp/spring3.jpg",
        "img2": "../../../../assets/img/temp/spring4.jpg",
        "code": "SCRW",
        "description": "Screws for Seats.",
        "price": "$599.99"
    },
    {
        "id": 1,
        "name": "Uline Foam Roll",
        "vendor": "ULINE",
        "img1": "../../../../assets/img/temp/foam1.jpg",
        "img2": "../../../../assets/img/temp/foam2.jpg",
        "code": "SCRW",
        "description": "Screws for Seats.",
        "price": "$1250"
    },
    {
        "id": 1,
        "name": "Screws",
        "vendor": "APR Industries",
        "img1": "../../../../assets/img/temp/screw2.jpg",
        "img2": "../../../../assets/img/temp/screw1.jpg",
        "code": "SCRW",
        "description": "Screws for Seats.",
        "price": "$599.99"
    },
    {
        "id": 1,
        "name": "Soft Foam Sheets",
        "vendor": "ULine",
        "img1": "../../../../assets/img/temp/foam5.jpg",
        "img2": "../../../../assets/img/temp/foam5.jpg",
        "code": "SCRW",
        "description": "Screws for Seats.",
        "price": "$3200"
    },
    {
        "id": 1,
        "name": "Vinyl Upholstery Fabric Black ",
        "vendor": "Lear Automobiles",
        "img1": "../../../../assets/img/temp/fabric2.jpg",
        "img2": "../../../../assets/img/temp/fabric2.jpg",
        "code": "FBRC",
        "description": "Fabric for Seats.",
        "price": "$109"
    }
]