[
  {
    "id": 10,
    "globalId": "aconkls",
    "name": "Stacy Conklin",
    "email": "stacy.conklin@adient.com",
    "officeLocation": "Plymouth COE",
    "createdBy": "asamuea6  ",
    "createdTs": "2020-07-15T13:21:13.130+00:00",
    "updatedBy": "asamuea6  ",
    "updatedTs": "2020-07-15T13:21:13.130+00:00",
    "deleteFlg": "N",
    "userRole": {
      "id": 1,
      "code": "ADMIN",
      "name": "Admin",
      "createdBy": "asamuea6  ",
      "createdTs": "2020-07-06T10:38:16.190+00:00",
      "updatedBy": "asamuea6  ",
      "updatedTs": "2020-07-06T10:38:16.190+00:00",
      "deleteFlg": "N"
    }
  },
  {
    "id": 14,
    "globalId": "asamuea6",
    "name": "Anish Samuel",
    "email": "anish.samuel-ext@adient.com",
    "officeLocation": "Plymouth COE",
    "createdBy": "asamuea6  ",
    "createdTs": "2020-07-21T17:54:06.210+00:00",
    "updatedBy": "asamuea6  ",
    "updatedTs": "2020-07-21T17:54:06.210+00:00",
    "deleteFlg": "N",
    "userRole": {
      "id": 1,
      "code": "ADMIN",
      "name": "Admin",
      "createdBy": "asamuea6  ",
      "createdTs": "2020-07-06T10:38:16.190+00:00",
      "updatedBy": "asamuea6  ",
      "updatedTs": "2020-07-06T10:38:16.190+00:00",
      "deleteFlg": "N"
    }
  },
  {
    "id": 21,
    "globalId": "amanohvi",
    "name": "Vinod Manoharan",
    "email": "vinod.manoharan@adient.com",
    "officeLocation": "Plymouth COE",
    "createdBy": "asamuea6  ",
    "createdTs": "2020-09-14T20:01:09.577+00:00",
    "updatedBy": "asamuea6  ",
    "updatedTs": "2020-09-14T20:01:09.577+00:00",
    "deleteFlg": "N",
    "userRole": {
      "id": 1,
      "code": "ADMIN",
      "name": "Admin",
      "createdBy": "asamuea6  ",
      "createdTs": "2020-07-06T10:38:16.190+00:00",
      "updatedBy": "asamuea6  ",
      "updatedTs": "2020-07-06T10:38:16.190+00:00",
      "deleteFlg": "N"
    }
  },
  {
    "id": 25,
    "globalId": "aperumk",
    "name": "Karunakaran Perumal",
    "email": "karunakaran.perumal-ext@adient.com",
    "officeLocation": "Holland Customer Center",
    "createdBy": "asamuea6  ",
    "createdTs": "2020-09-22T03:35:24.043+00:00",
    "updatedBy": "asamuea6  ",
    "updatedTs": "2020-09-22T03:35:24.043+00:00",
    "deleteFlg": "N",
    "userRole": {
      "id": 1,
      "code": "ADMIN",
      "name": "Admin",
      "createdBy": "asamuea6  ",
      "createdTs": "2020-07-06T10:38:16.190+00:00",
      "updatedBy": "asamuea6  ",
      "updatedTs": "2020-07-06T10:38:16.190+00:00",
      "deleteFlg": "N"
    }
  },
  {
    "id": 27,
    "globalId": "jkhans",
    "name": "Sajid Khan",
    "email": "sajid.khan-ext@adient.com",
    "officeLocation": "Plymouth COE",
    "createdBy": null,
    "createdTs": "2020-10-06T14:02:27.637+00:00",
    "updatedBy": null,
    "updatedTs": "2020-10-06T14:02:27.637+00:00",
    "deleteFlg": "N",
    "userRole": {
      "id": 1,
      "code": "ADMIN",
      "name": "Admin",
      "createdBy": "asamuea6  ",
      "createdTs": "2020-07-06T10:38:16.190+00:00",
      "updatedBy": "asamuea6  ",
      "updatedTs": "2020-07-06T10:38:16.190+00:00",
      "deleteFlg": "N"
    }
  }
]
