[
    {
        "id": 1,
        "name": "HCL Infosystems Ltd.",
        "code": "389280",
        "description": "HCL Infosystems Ltd.",
        "address_line_1": "Eso Sales Godown",
        "address_line_2": "40 UdyogVihar",
        "city": "Gurgaon",
        "state": "Uttar Pradesh",
        "country": "India",
        "zipcode": "08837",
        "contact_name": "Anish Samuel",
        "contact_email": "anish.samuel@hcl.com",
        "contact_tel": 1231231234,
        "contact_fax": 2233322
    },
    {
        "id": 2,
        "name": "INFOSYS LIMITED",
        "code": "404693",
        "description": "INFOSYS LIMITED",
        "address_line_1": "Plot No.1, Plot No.24/2",
        "address_line_2": "Rajiv Gandhi Infotech Park, Hinjewadi",
        "city": "Pune",
        "state": "Maharashtra",
        "country": "India",
        "zipcode": "411057",
        "contact_name": "Sajid Khan",
        "contact_email": "sajid.khan@infosys.com.com",
        "contact_tel": 1231231234,
        "contact_fax": 2233322
    },
    {
        "id": 3,
        "name": "INFOSYS LIMITED",
        "code": "393089",
        "description": "INFOSYS LIMITED",
        "address_line_1": "PLOT NO 44 97A ",
        "address_line_2": "3RD CROSS",
        "city": "BANGALORE",
        "state": "Kanartaka",
        "country": "India",
        "zipcode": "560100",
        "contact_name": "Anish Samuel",
        "contact_email": "anish.samuel@infosys.com",
        "contact_tel": 1231231234,
        "contact_fax": 2233322
    },
    {
        "id": 4,
        "name": "Tata Consultancy Services",
        "code": "326748",
        "description": "Tata Consultancy Services",
        "address_line_1": "Messe Turm",
        "address_line_2": "",
        "city": "Frankfurt",
        "state": "",
        "country": "Germany",
        "zipcode": "60308",
        "contact_name": "Anish Samuel",
        "contact_email": "anish.samuel@tcs.com",
        "contact_tel": 1231231234,
        "contact_fax": 2233322
    },
    {
        "id": 1,
        "name": "Tata Consultancy Services Ltd",
        "code": "403265",
        "description": "TATA Consultancy Services",
        "address_line_1": "379 Thornall Street",
        "address_line_2": "4th Floor",
        "city": "Edison",
        "state": "New Jersey",
        "country": "USA",
        "zipcode": "08837",
        "contact_name": "Manish Gupta",
        "contact_email": "manish2.gupta@tcs.com",
        "contact_tel": 1231231234,
        "contact_fax": 2233322
    },
    {
        "id": 1,
        "name": "HCL Infosystems Ltd.",
        "code": "389280",
        "description": "HCL Infosystems Ltd.",
        "address_line_1": "Eso Sales Godown",
        "address_line_2": "40 UdyogVihar",
        "city": "Gurgaon",
        "state": "Uttar Pradesh",
        "country": "India",
        "zipcode": "08837",
        "contact_name": "Anish Samuel",
        "contact_email": "anish.samuel@hcl.com",
        "contact_tel": 1231231234,
        "contact_fax": 2233322
    },
    {
        "id": 2,
        "name": "INFOSYS LIMITED",
        "code": "404693",
        "description": "INFOSYS LIMITED",
        "address_line_1": "Plot No.1, Plot No.24/2",
        "address_line_2": "Rajiv Gandhi Infotech Park, Hinjewadi",
        "city": "Pune",
        "state": "Maharashtra",
        "country": "India",
        "zipcode": "411057",
        "contact_name": "Sajid Khan",
        "contact_email": "sajid.khan@infosys.com.com",
        "contact_tel": 1231231234,
        "contact_fax": 2233322
    },
    {
        "id": 3,
        "name": "INFOSYS LIMITED",
        "code": "393089",
        "description": "INFOSYS LIMITED",
        "address_line_1": "PLOT NO 44 97A ",
        "address_line_2": "3RD CROSS",
        "city": "BANGALORE",
        "state": "Kanartaka",
        "country": "India",
        "zipcode": "560100",
        "contact_name": "Anish Samuel",
        "contact_email": "anish.samuel@infosys.com",
        "contact_tel": 1231231234,
        "contact_fax": 2233322
    },
    {
        "id": 4,
        "name": "Tata Consultancy Services",
        "code": "326748",
        "description": "Tata Consultancy Services",
        "address_line_1": "Messe Turm",
        "address_line_2": "",
        "city": "Frankfurt",
        "state": "",
        "country": "Germany",
        "zipcode": "60308",
        "contact_name": "Anish Samuel",
        "contact_email": "anish.samuel@tcs.com",
        "contact_tel": 1231231234,
        "contact_fax": 2233322
    },
    {
        "id": 1,
        "name": "Tata Consultancy Services Ltd",
        "code": "403265",
        "description": "TATA Consultancy Services",
        "address_line_1": "379 Thornall Street",
        "address_line_2": "4th Floor",
        "city": "Edison",
        "state": "New Jersey",
        "country": "USA",
        "zipcode": "08837",
        "contact_name": "Manish Gupta",
        "contact_email": "manish2.gupta@tcs.com",
        "contact_tel": 1231231234,
        "contact_fax": 2233322
    }
]